{
  "Use Non-ASCII Font" : false,
  "Tags" : [

  ],
  "Ansi 12 Color" : {
    "Green Component" : 0.57647058823529407,
    "Blue Component" : 0.97647058823529409,
    "Red Component" : 0.74117647058823533
  },
  "Horizontal Spacing" : 1,
  "Draw Powerline Glyphs" : true,
  "Bold Color" : {
    "Green Component" : 0.90237069129943848,
    "Blue Component" : 0.90237069129943848,
    "Red Component" : 0.90237069129943848
  },
  "Normal Font" : "HackNFM-Regular 14",
  "Ansi 3 Color" : {
    "Green Component" : 0.98039215686274506,
    "Blue Component" : 0.5490196078431373,
    "Red Component" : 0.94509803921568625
  },
  "Ansi 4 Color" : {
    "Green Component" : 0.57647058823529407,
    "Blue Component" : 0.97647058823529409,
    "Red Component" : 0.74117647058823533
  },
  "Rows" : 48,
  "Default Bookmark" : "No",
  "Ansi 5 Color" : {
    "Green Component" : 0.47450980392156861,
    "Blue Component" : 0.77647058823529413,
    "Red Component" : 1
  },
  "Cursor Guide Color" : {
    "Red Component" : 0.74862593412399292,
    "Color Space" : "P3",
    "Blue Component" : 0.99125725030899048,
    "Alpha Component" : 0.25,
    "Green Component" : 0.92047786712646484
  },
  "Non-ASCII Anti Aliased" : true,
  "Use Bright Bold" : true,
  "Ansi 10 Color" : {
    "Green Component" : 0.98039215686274506,
    "Blue Component" : 0.4823529411764706,
    "Red Component" : 0.31372549019607843
  },
  "Ambiguous Double Width" : false,
  "Jobs to Ignore" : [
    "rlogin",
    "ssh",
    "slogin",
    "telnet"
  ],
  "Ansi 15 Color" : {
    "Green Component" : 1,
    "Blue Component" : 1,
    "Red Component" : 1
  },
  "Foreground Color" : {
    "Green Component" : 0.90032327175140381,
    "Blue Component" : 0.90032327175140381,
    "Red Component" : 0.90032327175140381
  },
  "Bound Hosts" : [

  ],
  "Working Directory" : "\/Users\/simo",
  "Blinking Cursor" : false,
  "Disable Window Resizing" : true,
  "Sync Title" : false,
  "Prompt Before Closing 2" : false,
  "BM Growl" : true,
  "Mouse Reporting" : true,
  "Command" : "",
  "Description" : "Default",
  "Screen" : -1,
  "Selection Color" : {
    "Green Component" : 0.27843138575553894,
    "Blue Component" : 0.35294118523597717,
    "Red Component" : 0.26666668057441711
  },
  "Only The Default BG Color Uses Transparency" : false,
  "Columns" : 128,
  "Idle Code" : 0,
  "Ansi 13 Color" : {
    "Green Component" : 0.47450980392156861,
    "Blue Component" : 0.77647058823529413,
    "Red Component" : 1
  },
  "Custom Command" : "No",
  "ASCII Anti Aliased" : true,
  "Non Ascii Font" : "Monaco 12",
  "Vertical Spacing" : 1,
  "Use Bold Font" : true,
  "Option Key Sends" : 0,
  "Selected Text Color" : {
    "Green Component" : 1,
    "Blue Component" : 1,
    "Red Component" : 1
  },
  "Background Color" : {
    "Green Component" : 0.12215272337198257,
    "Blue Component" : 0.15977837145328522,
    "Red Component" : 0.11765811592340469
  },
  "Character Encoding" : 4,
  "Ansi 11 Color" : {
    "Green Component" : 0.98039215686274506,
    "Blue Component" : 0.5490196078431373,
    "Red Component" : 0.94509803921568625
  },
  "Use Italic Font" : true,
  "Unlimited Scrollback" : false,
  "Keyboard Map" : {

  },
  "Window Type" : 0,
  "Blur Radius" : 25.11074017396907,
  "Background Image Location" : "",
  "Blur" : true,
  "Badge Color" : {
    "Red Component" : 0.92929404973983765,
    "Color Space" : "P3",
    "Blue Component" : 0.13960540294647217,
    "Alpha Component" : 0.5,
    "Green Component" : 0.25479039549827576
  },
  "Scrollback Lines" : 25000,
  "Send Code When Idle" : false,
  "Close Sessions On End" : true,
  "Terminal Type" : "xterm-256color",
  "Visual Bell" : true,
  "Flashing Bell" : false,
  "Silence Bell" : true,
  "Ansi 14 Color" : {
    "Green Component" : 0.9137254901960784,
    "Blue Component" : 0.99215686274509807,
    "Red Component" : 0.54509803921568623
  },
  "Name" : "itnok",
  "Cursor Text Color" : {
    "Green Component" : 1,
    "Blue Component" : 1,
    "Red Component" : 1
  },
  "Open Toolbelt" : false,
  "Shortcut" : "",
  "Match Background Color" : {
    "Red Component" : 0.99697142839431763,
    "Color Space" : "P3",
    "Blue Component" : 0.32116127014160156,
    "Alpha Component" : 1,
    "Green Component" : 0.98600882291793823
  },
  "Cursor Color" : {
    "Green Component" : 0.73333334922790527,
    "Blue Component" : 0.73333334922790527,
    "Red Component" : 0.73333334922790527
  },
  "Transparency" : 0.031568137886597937,
  "Guid" : "CB29A250-51BC-47E0-8DF9-E0B19C304AC6",
  "Ansi 0 Color" : {
    "Green Component" : 0,
    "Blue Component" : 0,
    "Red Component" : 0
  },
  "Ansi 1 Color" : {
    "Green Component" : 0.3333333432674408,
    "Blue Component" : 0.3333333432674408,
    "Red Component" : 1
  },
  "Custom Directory" : "No",
  "Ansi 2 Color" : {
    "Green Component" : 0.98039215686274506,
    "Blue Component" : 0.4823529411764706,
    "Red Component" : 0.31372549019607843
  },
  "Ansi 6 Color" : {
    "Green Component" : 0.9137254901960784,
    "Blue Component" : 0.99215686274509807,
    "Red Component" : 0.54509803921568623
  },
  "Ansi 7 Color" : {
    "Green Component" : 0.73333334922790527,
    "Blue Component" : 0.73333334922790527,
    "Red Component" : 0.73333334922790527
  },
  "Ansi 8 Color" : {
    "Green Component" : 0.33333333333333331,
    "Blue Component" : 0.33333333333333331,
    "Red Component" : 0.33333333333333331
  },
  "Ansi 9 Color" : {
    "Green Component" : 0.33333333333333331,
    "Blue Component" : 0.33333333333333331,
    "Red Component" : 1
  },
  "Link Color" : {
    "Red Component" : 0.14513972401618958,
    "Color Space" : "P3",
    "Blue Component" : 0.7093239426612854,
    "Alpha Component" : 1,
    "Green Component" : 0.35333043336868286
  },
  "Right Option Key Sends" : 0
}